{"participant":"P7","scene":"Audio","robotIdleTime":0.18539240956306458,"distanceMoved":19.610952377319337,"avarageScrewDistance":0.9344412684440613,"completionTime":89.77549743652344,"responseTime":0.9879534840583801,"dangerErrors":0,"errors":0,"screwsPlaced":15,"nutsPlaced":15,"feedbacks":["AudioPulse2"]}