{"participant":"P7","scene":"Haptic","robotIdleTime":0.18813389539718629,"distanceMoved":27.396595001220704,"avarageScrewDistance":0.6894146203994751,"completionTime":87.85735321044922,"responseTime":1.5860825777053834,"dangerErrors":0,"errors":1,"screwsPlaced":15,"nutsPlaced":14,"feedbacks":["HapticPulse"]}