{"participant":"P7","scene":"None","robotIdleTime":0.17499388754367829,"distanceMoved":23.217788696289064,"avarageScrewDistance":0.8183906078338623,"completionTime":93.14630126953125,"responseTime":2.1415255069732668,"dangerErrors":0,"errors":0,"screwsPlaced":15,"nutsPlaced":15,"feedbacks":[]}