{"participant":"P7","scene":"Tutorial","robotIdleTime":0.10418560355901718,"distanceMoved":10.25965404510498,"avarageScrewDistance":0.5642858147621155,"completionTime":57.13319396972656,"responseTime":1.0420637130737305,"dangerErrors":0,"errors":1,"screwsPlaced":10,"nutsPlaced":9,"feedbacks":[]}