{"participant":"P7","scene":"Visual","robotIdleTime":0.1839423030614853,"distanceMoved":23.417428970336915,"avarageScrewDistance":0.8864182233810425,"completionTime":89.61219787597656,"responseTime":1.0850598812103272,"dangerErrors":0,"errors":0,"screwsPlaced":15,"nutsPlaced":15,"feedbacks":["VisualContinuous2"]}