{"participant":"P18","scene":"3-Way Multimodal","robotIdleTime":0.17250439524650575,"distanceMoved":21.437467575073243,"avarageScrewDistance":0.6513097882270813,"completionTime":92.1024398803711,"screwResponse":[0.6992290019989014,0.6577572822570801,0.6022806167602539,0.6324822902679443,0.8143692016601563,0.8389241695404053,0.672004222869873,0.36733555793762209,0.5768873691558838,0.7850029468536377,0.3964555263519287,0.879828929901123,3.7792506217956545,3.6376514434814455,2.331427574157715],"responseTime":1.1780591011047364,"dangerErrors":0,"errors":0,"screwsPlaced":15,"nutsPlaced":15,"feedbacks":["AudioPulse2","HapticPulse","VisualContinuous2"]}