{"participant":"P18","scene":"Audio","robotIdleTime":0.17499028146266938,"distanceMoved":24.626846313476564,"avarageScrewDistance":0.7550492882728577,"completionTime":94.52478790283203,"screwResponse":[0.912128210067749,0.7978482246398926,2.009174346923828,0.755394697189331,1.6723089218139649,2.589984893798828,0.7316417694091797,1.704092025756836,0.9785065650939941,2.0675501823425295,2.0361318588256838,1.118326187133789,1.6191456317901612,2.471306324005127,1.5671665668487549],"responseTime":1.535380482673645,"dangerErrors":0,"errors":0,"screwsPlaced":15,"nutsPlaced":15,"feedbacks":["AudioPulse2"]}