{"participant":"P18","scene":"Haptic","robotIdleTime":0.19233930110931397,"distanceMoved":31.40418243408203,"avarageScrewDistance":0.8424495458602905,"completionTime":92.92658996582031,"screwResponse":[1.2872774600982667,0.8662128448486328,4.280553817749023,4.420527458190918,4.263906478881836,4.611791133880615,5.049508571624756,5.7395453453063969,2.5822134017944338,2.5108909606933595,1.4280197620391846,2.760746479034424,1.7636380195617676],"responseTime":3.1972947120666506,"dangerErrors":0,"errors":2,"screwsPlaced":15,"nutsPlaced":13,"feedbacks":["HapticPulse"]}