{"participant":"P18","scene":"None","robotIdleTime":0.2250669002532959,"distanceMoved":27.12204360961914,"avarageScrewDistance":0.7584196329116821,"completionTime":87.80048370361328,"screwResponse":[1.0205211639404297,1.228609561920166,1.4489545822143555,2.081143856048584,1.484126091003418,2.0542659759521486,1.9510867595672608,1.0501255989074708,2.2118148803710939,1.0466296672821046,2.523655414581299,1.4123833179473878,3.842693328857422,3.0104379653930666],"responseTime":1.8833177089691163,"dangerErrors":0,"errors":1,"screwsPlaced":15,"nutsPlaced":14,"feedbacks":[]}