{"participant":"P18","scene":"Tutorial","robotIdleTime":0.12081441283226013,"distanceMoved":8.13875675201416,"avarageScrewDistance":0.5804809927940369,"completionTime":62.08824920654297,"screwResponse":[0.49178409576416018,0.6053817272186279,1.4386260509490967,1.4385325908660889,0.8106939792633057,0.8084180355072022,0.7985446453094482,1.311253547668457,3.771289348602295,2.4821853637695314],"responseTime":1.3956708908081055,"dangerErrors":0,"errors":0,"screwsPlaced":10,"nutsPlaced":10,"feedbacks":[]}