{"participant":"P18","scene":"Tutorial","robotIdleTime":0.12199539691209793,"distanceMoved":11.48412036895752,"avarageScrewDistance":0.5919652581214905,"completionTime":61.07337188720703,"screwResponse":[0.7269473075866699,0.9388844966888428,1.2570698261260987,3.4452714920043947,2.7912869453430177,3.414968967437744,1.7029621601104737,1.6502478122711182,2.4543356895446779],"responseTime":2.0424416065216066,"dangerErrors":0,"errors":1,"screwsPlaced":10,"nutsPlaced":9,"feedbacks":[]}