{"participant":"P18","scene":"Visual","robotIdleTime":0.19482539594173432,"distanceMoved":30.33133888244629,"avarageScrewDistance":0.8426876664161682,"completionTime":90.75030517578125,"screwResponse":[0.8950369358062744,0.962554931640625,0.4668264389038086,0.5295002460479736,0.6050121784210205,1.1904194355010987,0.9087517261505127,1.717289924621582,1.0215001106262208,1.5328819751739503,1.7424936294555665,0.2868692874908447,2.842193126678467,1.051095962524414,0.880361795425415],"responseTime":1.108852505683899,"dangerErrors":0,"errors":0,"screwsPlaced":15,"nutsPlaced":15,"feedbacks":["VisualContinuous2"]}