{"participant":"P8","scene":"3-Way Multimodal","robotIdleTime":0.2052859216928482,"distanceMoved":24.827041625976564,"avarageScrewDistance":0.677098274230957,"completionTime":88.74818420410156,"screwResponse":[0.830695629119873,0.6583857536315918,0.5902767181396484,0.7111115455627441,0.6288979053497315,0.690864086151123,0.6586658954620361,0.5317518711090088,0.6172065734863281,0.7711904048919678,0.5603160858154297,0.5616381168365479,4.503909111022949,1.0637898445129395],"responseTime":1.806204080581665,"dangerErrors":0,"errors":1,"screwsPlaced":15,"nutsPlaced":14,"feedbacks":["AudioPulse2","HapticPulse","VisualContinuous2"]}