{"participant":"P8","scene":"Audio","robotIdleTime":0.18199089169502259,"distanceMoved":23.49461555480957,"avarageScrewDistance":0.766726016998291,"completionTime":90.16523742675781,"screwResponse":[1.5230212211608887,1.9233720302581788,1.9708762168884278,2.5386428833007814,0.9097988605499268,0.7987875938415527,1.5918333530426026,1.7997777462005616,0.9790654182434082,1.620159387588501,1.1296441555023194,1.0641379356384278,0.8513925075531006,1.3410935401916505,1.5900707244873047],"responseTime":1.3839411735534669,"dangerErrors":0,"errors":0,"screwsPlaced":15,"nutsPlaced":15,"feedbacks":["AudioPulse2"]}