{"participant":"P8","scene":"Haptic","robotIdleTime":0.19387009739875794,"distanceMoved":22.03130531311035,"avarageScrewDistance":0.8951125144958496,"completionTime":90.41663360595703,"screwResponse":[1.1067862510681153,2.8704757690429689,2.419620990753174,3.320138931274414,2.2588820457458498,1.489556074142456,1.856905460357666,1.120992660522461,1.354790449142456,0.9699234962463379,1.2794358730316163,1.0204346179962159,1.5752747058868409,1.1857283115386963,3.847562313079834],"responseTime":2.5585334300994875,"dangerErrors":0,"errors":0,"screwsPlaced":15,"nutsPlaced":15,"feedbacks":["HapticPulse"]}