{"participant":"P8","scene":"None","robotIdleTime":0.18215979635715486,"distanceMoved":21.968034744262697,"avarageScrewDistance":0.7829053401947022,"completionTime":89.39091491699219,"screwResponse":[1.1069743633270264,1.1204240322113038,0.9517133235931397,0.8234899044036865,3.777888298034668,1.9919419288635255,0.9492664337158203,0.8826484680175781,0.9387993812561035,1.0662829875946046,1.0738441944122315,1.2183856964111329,1.1489291191101075,2.346194267272949,1.7036476135253907],"responseTime":1.7252352237701417,"dangerErrors":0,"errors":0,"screwsPlaced":15,"nutsPlaced":15,"feedbacks":[]}