{"participant":"P8","scene":"Tutorial","robotIdleTime":0.13562849164009095,"distanceMoved":9.70380687713623,"avarageScrewDistance":0.6727051734924316,"completionTime":60.195716857910159,"screwResponse":[3.446406841278076,4.139164924621582,1.149355411529541,3.5941720008850099,1.2024455070495606,1.0764739513397217,1.8151891231536866,2.0498085021972658,1.104740858078003],"responseTime":1.4913465976715088,"dangerErrors":0,"errors":1,"screwsPlaced":10,"nutsPlaced":9,"feedbacks":[]}