{"participant":"P8","scene":"Visual","robotIdleTime":0.1908140778541565,"distanceMoved":23.411685943603517,"avarageScrewDistance":0.7664056420326233,"completionTime":89.69613647460938,"screwResponse":[0.8288061618804932,0.9631078243255615,0.6178271770477295,0.9824481010437012,0.799706220626831,2.1215319633483888,0.7982659339904785,2.022359848022461,0.8278141021728516,0.7010748386383057,0.6040711402893066,0.6178526878356934,4.072117805480957,0.8414971828460693,0.5651395320892334],"responseTime":1.089219331741333,"dangerErrors":0,"errors":0,"screwsPlaced":15,"nutsPlaced":15,"feedbacks":["VisualContinuous2"]}