{"participant":"P4","scene":"Pilot None","robotIdleTime":0.1852644979953766,"distanceMoved":27.655427932739259,"avarageScrewDistance":0.8827576637268066,"completionTime":93.54615783691406,"responseTime":3.71589732170105,"dangerErrors":1,"errors":2,"screwsPlaced":15,"nutsPlaced":13,"feedbacks":[]}