{"participant":"P4","scene":"Pilot Visual","robotIdleTime":0.20604170858860017,"distanceMoved":30.701093673706056,"avarageScrewDistance":0.9266377091407776,"completionTime":92.53414916992188,"responseTime":1.3812577724456788,"dangerErrors":0,"errors":1,"screwsPlaced":15,"nutsPlaced":14,"feedbacks":["VisualContinuous2"]}