{"participant":"P4","scene":"Pilot Audio","robotIdleTime":0.20345209538936616,"distanceMoved":28.22626495361328,"avarageScrewDistance":0.9688502550125122,"completionTime":90.72395324707031,"responseTime":1.5561730861663819,"dangerErrors":0,"errors":0,"screwsPlaced":15,"nutsPlaced":15,"feedbacks":["AudioPulse2"]}