{"participant":"P4","scene":"Pilot Haptic","robotIdleTime":0.1814069151878357,"distanceMoved":35.14097213745117,"avarageScrewDistance":0.9992414712905884,"completionTime":93.815673828125,"responseTime":4.882528305053711,"dangerErrors":0,"errors":0,"screwsPlaced":15,"nutsPlaced":15,"feedbacks":["HapticPulse"]}