{"participant":"P4","scene":"Tutorial","robotIdleTime":0.12291019409894943,"distanceMoved":7.550141334533691,"avarageScrewDistance":0.6149377226829529,"completionTime":59.8322639465332,"responseTime":0.5670096278190613,"dangerErrors":0,"errors":0,"screwsPlaced":10,"nutsPlaced":10,"feedbacks":[]}