{"participant":"P4","scene":"Tutorial","robotIdleTime":0.12113171070814133,"distanceMoved":13.900461196899414,"avarageScrewDistance":0.6413203477859497,"completionTime":66.0135269165039,"responseTime":3.5235416889190676,"dangerErrors":1,"errors":4,"screwsPlaced":10,"nutsPlaced":6,"feedbacks":["VisualContinuous2"]}