{"participant":"P13","scene":"Audio","robotIdleTime":0.20632338523864747,"distanceMoved":34.111915588378909,"avarageScrewDistance":0.8449643850326538,"completionTime":92.98066711425781,"screwResponse":[1.3985295295715333,1.2600207328796387,1.5221903324127198,0.950218915939331,0.8411757946014404,0.8826491832733154,1.2163071632385255,0.7022809982299805,2.2315120697021486,4.918570041656494,2.3029937744140627,3.0835390090942385,4.922573089599609],"responseTime":2.0178892612457277,"dangerErrors":0,"errors":2,"screwsPlaced":15,"nutsPlaced":13,"feedbacks":["AudioPulse2"]}