{"participant":"P13","scene":"Haptic","robotIdleTime":0.19305290281772614,"distanceMoved":20.448532104492189,"avarageScrewDistance":0.7069333791732788,"completionTime":87.70394134521485,"screwResponse":[0.7857325077056885,0.9808640480041504,0.617595911026001,0.6431999206542969,0.798774242401123,1.0355854034423829,1.0213227272033692,0.9383416175842285,0.5622100830078125,0.6894631385803223,1.7483105659484864,0.6896810531616211,1.8989615440368653,1.748359203338623,0.6057755947113037],"responseTime":0.9842785000801086,"dangerErrors":0,"errors":0,"screwsPlaced":15,"nutsPlaced":15,"feedbacks":["HapticPulse"]}