{"participant":"P13","scene":"Visual","robotIdleTime":0.18107110261917115,"distanceMoved":25.706090927124025,"avarageScrewDistance":0.7024714350700378,"completionTime":89.52911376953125,"screwResponse":[0.8244750499725342,0.7298007011413574,0.8527054786682129,0.03320884704589844,0.6890285015106201,0.8291900157928467,0.7713205814361572,0.7312393188476563,0.689810037612915,0.6706626415252686,0.5205073356628418,1.1726505756378174,0.7123618125915527,0.5763721466064453,0.5882461071014404],"responseTime":0.6927719712257385,"dangerErrors":0,"errors":0,"screwsPlaced":15,"nutsPlaced":15,"feedbacks":["VisualContinuous2"]}