{"participant":"P19","scene":"3-Way Multimodal","robotIdleTime":0.1916399896144867,"distanceMoved":18.211933135986329,"avarageScrewDistance":0.6535344123840332,"completionTime":90.69967651367188,"screwResponse":[0.7865467071533203,0.6461210250854492,3.13576602935791,1.4147453308105469,0.465409517288208,0.7288424968719482,0.7003045082092285,0.7726583480834961,0.552283525466919,0.6329407691955566,0.6707899570465088,0.7400686740875244,0.5911340713500977,0.5756943225860596,0.5467987060546875],"responseTime":0.8640069365501404,"dangerErrors":0,"errors":0,"screwsPlaced":15,"nutsPlaced":15,"feedbacks":["AudioPulse2","HapticPulse","VisualContinuous2"]}