{"participant":"P19","scene":"Audio","robotIdleTime":0.18053609132766725,"distanceMoved":23.325590133666993,"avarageScrewDistance":0.7112029790878296,"completionTime":88.57293701171875,"screwResponse":[1.245405912399292,0.8401033878326416,2.9295578002929689,0.8969078063964844,1.0525681972503663,1.0348286628723145,0.7315511703491211,1.4968509674072266,0.6583938598632813,1.1608588695526124,0.6888637542724609,1.101752758026123,0.7969250679016113,3.1423234939575197,0.8280317783355713],"responseTime":1.2403281927108765,"dangerErrors":0,"errors":0,"screwsPlaced":15,"nutsPlaced":15,"feedbacks":["AudioPulse2"]}