{"participant":"P19","scene":"Haptic","robotIdleTime":0.19343139231204987,"distanceMoved":20.995790481567384,"avarageScrewDistance":0.7559612393379211,"completionTime":90.784423828125,"screwResponse":[0.6997630596160889,0.6039199829101563,0.8410377502441406,0.784888505935669,0.7112927436828613,1.0763335227966309,1.2203469276428223,0.7725257873535156,2.568326950073242,0.7967245578765869,0.7867574691772461,0.6439874172210693,0.5576417446136475,2.0924816131591799,1.01019287109375],"responseTime":1.011081337928772,"dangerErrors":0,"errors":0,"screwsPlaced":15,"nutsPlaced":15,"feedbacks":["HapticPulse"]}