{"participant":"P19","scene":"None","robotIdleTime":0.18266738951206208,"distanceMoved":23.37488555908203,"avarageScrewDistance":0.9297767281532288,"completionTime":91.39253234863281,"screwResponse":[1.5260698795318604,2.957155704498291,2.9907703399658205,0.9337310791015625,3.4452052116394045,1.9147233963012696,1.6112322807312012,2.116974353790283,1.268432855606079,3.7030696868896486,1.5369415283203126,2.0276246070861818,1.9544916152954102,2.0228567123413088,2.3477439880371095],"responseTime":2.157134771347046,"dangerErrors":0,"errors":0,"screwsPlaced":15,"nutsPlaced":15,"feedbacks":[]}