{"participant":"P19","scene":"Tutorial","robotIdleTime":0.10922030359506607,"distanceMoved":11.653898239135743,"avarageScrewDistance":0.6035073399543762,"completionTime":59.13744354248047,"screwResponse":[5.089620590209961,4.276001453399658,4.051725387573242,4.641281604766846,4.8715620040893559,1.2178375720977784,1.6906592845916749,0.21157574653625489],"responseTime":3.2562830448150636,"dangerErrors":0,"errors":2,"screwsPlaced":10,"nutsPlaced":8,"feedbacks":[]}