{"participant":"P19","scene":"Visual","robotIdleTime":0.17733201384544373,"distanceMoved":19.786651611328126,"avarageScrewDistance":0.7831303477287293,"completionTime":91.2540054321289,"screwResponse":[0.7589776515960693,0.8723371028900147,0.7005572319030762,0.5934221744537354,0.7436890602111816,0.6295802593231201,0.7295205593109131,3.2856812477111818,0.6055068969726563,0.8288445472717285,0.6324093341827393,0.5614335536956787,0.648975133895874,0.5611152648925781,2.3938775062561037],"responseTime":0.9697285294532776,"dangerErrors":0,"errors":0,"screwsPlaced":15,"nutsPlaced":15,"feedbacks":["VisualContinuous2"]}