{"participant":"P5","scene":"3-Way Multimodal","robotIdleTime":0.18195749819278718,"distanceMoved":20.480560302734376,"avarageScrewDistance":0.7717571258544922,"completionTime":90.12625122070313,"responseTime":1.48612642288208,"dangerErrors":0,"errors":0,"screwsPlaced":15,"nutsPlaced":15,"feedbacks":["AudioPulse2","HapticPulse","VisualContinuous2"]}