{"participant":"P5","scene":"Audio","robotIdleTime":0.194466695189476,"distanceMoved":22.664148330688478,"avarageScrewDistance":0.8064059019088745,"completionTime":91.82660675048828,"responseTime":1.0408166646957398,"dangerErrors":0,"errors":0,"screwsPlaced":15,"nutsPlaced":15,"feedbacks":["AudioPulse2"]}