{"participant":"P5","scene":"Haptic","robotIdleTime":0.18620291352272035,"distanceMoved":25.119565963745118,"avarageScrewDistance":0.9100501537322998,"completionTime":88.46739196777344,"responseTime":2.18327260017395,"dangerErrors":0,"errors":3,"screwsPlaced":15,"nutsPlaced":12,"feedbacks":["HapticPulse"]}