{"participant":"P5","scene":"None","robotIdleTime":0.17697709798812867,"distanceMoved":25.973617553710939,"avarageScrewDistance":0.9141609072685242,"completionTime":91.8811264038086,"responseTime":2.5916035175323488,"dangerErrors":0,"errors":0,"screwsPlaced":15,"nutsPlaced":15,"feedbacks":[]}