{"participant":"P5","scene":"Tutorial","robotIdleTime":0.0665736049413681,"distanceMoved":3.5002195835113527,"avarageScrewDistance":0.5614146590232849,"completionTime":34.46049499511719,"responseTime":0.7074519991874695,"dangerErrors":0,"errors":0,"screwsPlaced":6,"nutsPlaced":5,"feedbacks":[]}