{"participant":"P5","scene":"Visual","robotIdleTime":0.1753055900335312,"distanceMoved":20.7177734375,"avarageScrewDistance":0.7709680795669556,"completionTime":90.8480224609375,"responseTime":1.156808853149414,"dangerErrors":0,"errors":0,"screwsPlaced":15,"nutsPlaced":15,"feedbacks":["VisualContinuous2"]}