{"participant":"P22","scene":"3-Way Multimodal","robotIdleTime":0.30956849455833437,"distanceMoved":20.50046730041504,"avarageScrewDistance":0.7769275307655335,"completionTime":93.0023422241211,"screwResponse":[0.709160566329956,0.5365984439849854,0.44243621826171877,0.46414852142333987,0.7115576267242432,1.970165729522705,0.6129918098449707,0.8158965110778809,2.970456600189209,2.810486316680908,0.6408283710479736,1.62192964553833,0.27022790908813479,0.9463050365447998,0.7307710647583008],"responseTime":1.0835973024368287,"dangerErrors":0,"errors":0,"screwsPlaced":15,"nutsPlaced":15,"feedbacks":["AudioPulse2","HapticPulse","VisualContinuous2"]}