{"participant":"P22","scene":"Audio","robotIdleTime":0.2968015968799591,"distanceMoved":28.69127655029297,"avarageScrewDistance":0.7840957641601563,"completionTime":94.10295104980469,"screwResponse":[0.8425614833831787,0.5833168029785156,0.7815506458282471,1.0073022842407227,0.7425158023834229,0.9501619338989258,0.8699436187744141,0.6882359981536865,0.8255019187927246,0.5923571586608887,1.0244343280792237,2.8989877700805666,1.617682695388794,0.6858861446380615,1.6523644924163819],"responseTime":1.0508534908294678,"dangerErrors":0,"errors":0,"screwsPlaced":15,"nutsPlaced":15,"feedbacks":["AudioPulse2"]}