{"participant":"P22","scene":"Haptic","robotIdleTime":0.3228195011615753,"distanceMoved":21.597518920898439,"avarageScrewDistance":0.8209748864173889,"completionTime":94.70869445800781,"screwResponse":[1.188720703125,0.8447878360748291,3.9932193756103517,4.583799839019775,1.8529162406921387,1.6843039989471436,2.5950722694396974,0.8941247463226318,1.3814702033996583,0.7116203308105469,0.8702712059020996,0.8917083740234375,0.897498607635498,0.8909709453582764,1.1703405380249024],"responseTime":1.6300550699234009,"dangerErrors":0,"errors":0,"screwsPlaced":15,"nutsPlaced":15,"feedbacks":["HapticPulse"]}