{"participant":"P22","scene":"None","robotIdleTime":0.2797558903694153,"distanceMoved":23.2169132232666,"avarageScrewDistance":0.9733337759971619,"completionTime":95.62495422363281,"screwResponse":[1.582618236541748,3.953070640563965,1.996159553527832,1.671166181564331,1.5654726028442383,3.041032314300537,3.7864041328430177,2.3076000213623049,2.983370304107666,1.4418835639953614,3.124209403991699,1.6481587886810303,2.3931307792663576,3.012968063354492,3.3189477920532228],"responseTime":2.5217461585998537,"dangerErrors":0,"errors":0,"screwsPlaced":15,"nutsPlaced":15,"feedbacks":[]}