{"participant":"P22","scene":"Tutorial","robotIdleTime":0.1890914887189865,"distanceMoved":14.820783615112305,"avarageScrewDistance":0.6816068291664124,"completionTime":60.162532806396487,"screwResponse":[5.491849422454834,3.768062114715576,2.0395050048828127],"responseTime":3.766472101211548,"dangerErrors":0,"errors":7,"screwsPlaced":10,"nutsPlaced":3,"feedbacks":[]}