{"participant":"P22","scene":"Visual","robotIdleTime":0.20859980583190919,"distanceMoved":24.758947372436525,"avarageScrewDistance":0.7466937899589539,"completionTime":90.79491424560547,"screwResponse":[0.7026240825653076,0.7415404319763184,0.9517478942871094,0.8363795280456543,0.8086352348327637,0.701441764831543,0.7005047798156738,0.8265542984008789,1.6195719242095948,0.8962905406951904,1.6873810291290284,0.5182666778564453,0.5475552082061768,0.3625812530517578,0.42771339416503909],"responseTime":0.8219192028045654,"dangerErrors":0,"errors":0,"screwsPlaced":15,"nutsPlaced":15,"feedbacks":["VisualContinuous2"]}