{"participant":"P21","scene":"3-Way Multimodal","robotIdleTime":0.2926202118396759,"distanceMoved":22.051733016967775,"avarageScrewDistance":0.640371561050415,"completionTime":86.80265808105469,"screwResponse":[0.6970729827880859,0.44751739501953127,0.8933665752410889,0.5997118949890137,1.161306619644165,1.2745022773742676,0.8046438694000244,0.46990370750427248,2.1327381134033205,0.6332006454467773,1.4539375305175782,0.5997285842895508,0.6330726146697998],"responseTime":0.9077463746070862,"dangerErrors":0,"errors":0,"screwsPlaced":13,"nutsPlaced":13,"feedbacks":["AudioPulse2","HapticPulse","VisualContinuous2"]}
