{"participant":"P21","scene":"Audio","robotIdleTime":0.3016309142112732,"distanceMoved":28.359905242919923,"avarageScrewDistance":0.7037653923034668,"completionTime":94.40814208984375,"screwResponse":[3.368579387664795,0.917827844619751,1.1020073890686036,1.3708953857421876,0.7540242671966553,0.786731481552124,1.3043673038482667,0.5778107643127441,0.6982579231262207,0.7224514484405518,0.6627061367034912,1.0740587711334229,1.1762359142303467,0.89707350730896,0.5917105674743652],"responseTime":1.0669825077056885,"dangerErrors":0,"errors":0,"screwsPlaced":15,"nutsPlaced":15,"feedbacks":["AudioPulse2"]}
