{"participant":"P21","scene":"Haptic","robotIdleTime":0.2908490002155304,"distanceMoved":23.249664306640626,"avarageScrewDistance":0.6971874833106995,"completionTime":91.94367218017578,"screwResponse":[0.8682708740234375,0.7280142307281494,0.8517451286315918,0.7422118186950684,0.7857706546783447,0.9339854717254639,0.8714437484741211,0.6568100452423096,1.2841565608978272,1.8717820644378663,0.7698080539703369,0.8375184535980225,0.7035684585571289,0.9328141212463379,0.8198273181915283],"responseTime":0.9105151295661926,"dangerErrors":0,"errors":0,"screwsPlaced":15,"nutsPlaced":15,"feedbacks":["HapticPulse"]}
