{"participant":"P21","scene":"None","robotIdleTime":0.30416029691696169,"distanceMoved":29.703868865966798,"avarageScrewDistance":0.9816781282424927,"completionTime":99.14955139160156,"screwResponse":[3.69741153717041,2.514230728149414,5.94572639465332,1.569260597229004,1.5397980213165284,1.4797899723052979,2.2481250762939455,1.4121410846710206,1.257378101348877,2.4106903076171877,2.694901943206787,1.3120625019073487,1.496556043624878,2.625030040740967,2.582751750946045],"responseTime":2.319056987762451,"dangerErrors":0,"errors":0,"screwsPlaced":15,"nutsPlaced":15,"feedbacks":[]}
