{"participant":"P21","scene":"Visual","robotIdleTime":0.31486260890960696,"distanceMoved":29.010541915893556,"avarageScrewDistance":0.6624258756637573,"completionTime":95.0565185546875,"screwResponse":[0.7275857925415039,0.5223414897918701,0.9109969139099121,0.8904814720153809,0.6979155540466309,1.0921039581298829,0.6592204570770264,1.4916937351226807,0.9361300468444824,0.4362485408782959,0.7550725936889648,0.7301797866821289,0.9163637161254883,0.7153990268707275,0.8293144702911377],"responseTime":0.8207365274429321,"dangerErrors":0,"errors":0,"screwsPlaced":15,"nutsPlaced":15,"feedbacks":["VisualContinuous2"]}
