{"participant":"P13","scene":"3-Way Multimodal","robotIdleTime":0.18464890122413636,"distanceMoved":24.115156173706056,"avarageScrewDistance":0.6621677279472351,"completionTime":90.71151733398438,"screwResponse":[0.5209710597991943,0.562415599822998,0.7562165260314941,2.3178811073303224,0.701434850692749,0.5618219375610352,0.6037192344665527,0.6186940670013428,0.6848077774047852,0.5758099555969238,0.6488525867462158,0.5323028564453125,0.4640500545501709,3.554569721221924,1.107703447341919],"responseTime":0.9474167227745056,"dangerErrors":0,"errors":0,"screwsPlaced":15,"nutsPlaced":15,"feedbacks":["AudioPulse2","HapticPulse","VisualContinuous2"]}