{"participant":"P10","scene":"3-Way Multimodal","robotIdleTime":0.18261171877384187,"distanceMoved":23.8665828704834,"avarageScrewDistance":0.8347207307815552,"completionTime":90.94868469238281,"screwResponse":[0.882166862487793,0.7676539421081543,0.7989766597747803,0.4787147045135498,0.9508094787597656,1.0101861953735352,0.6311995983123779,0.9072315692901611,0.7295048236846924,0.7457525730133057,0.6064138412475586,0.9794025421142578,0.5873708724975586,1.7892074584960938,0.8403506278991699],"responseTime":1.044955849647522,"dangerErrors":0,"errors":0,"screwsPlaced":15,"nutsPlaced":15,"feedbacks":["AudioPulse2","HapticPulse","VisualContinuous2"]}