{"participant":"P10","scene":"Audio","robotIdleTime":0.19209010899066926,"distanceMoved":26.981109619140626,"avarageScrewDistance":0.9670565724372864,"completionTime":92.84252166748047,"screwResponse":[1.3528540134429932,0.699981689453125,0.7461178302764893,1.9812424182891846,2.484236240386963,0.7733674049377441,1.2704689502716065,0.7561988830566406,0.7828123569488525,1.0628063678741456,1.5117666721343995,0.6317245960235596,0.8240630626678467,2.5108633041381838,3.500772476196289],"responseTime":2.598661184310913,"dangerErrors":0,"errors":0,"screwsPlaced":15,"nutsPlaced":15,"feedbacks":["AudioPulse2"]}