{"robotIdleTime":0.7086697220802307,"distanceMoved":3.8324124813079836,"avarageScrewDistance":0.5700491070747376,"completionTime":35.332881927490237,"errors":1}