{"robotIdleTime":0.012015700340270996,"distanceMoved":2.561190605163574,"avarageScrewDistance":0.8694660067558289,"completionTime":0.0,"errors":0}