{"robotIdleTime":2.688269853591919,"distanceMoved":4.368927478790283,"avarageScrewDistance":0.7926476001739502,"completionTime":46.16850280761719,"errors":0}