{"robotIdleTime":1.1548315286636353,"distanceMoved":4.3252410888671879,"avarageScrewDistance":0.514428973197937,"completionTime":0.0,"errors":1}