{"participant":"P10","scene":"Haptic","robotIdleTime":0.2054360955953598,"distanceMoved":26.55756950378418,"avarageScrewDistance":1.1110577583312989,"completionTime":90.04222869873047,"screwResponse":[3.0809268951416017,0.8410227298736572,2.050647735595703,1.7897167205810547,3.9181742668151857,4.224830150604248,3.7337565422058107,3.566262722015381,2.847879409790039,1.3252525329589844,1.9838228225708008,0.7584290504455566,1.3400330543518067,1.0746886730194092,2.3481240272521974],"responseTime":1.7907795906066895,"dangerErrors":0,"errors":0,"screwsPlaced":15,"nutsPlaced":15,"feedbacks":["HapticPulse"]}