{"participant":"P13","scene":"None","robotIdleTime":0.18448220193386079,"distanceMoved":34.39433288574219,"avarageScrewDistance":1.0608011484146119,"completionTime":90.1287841796875,"screwResponse":[1.104503870010376,2.8903355598449709,1.2302558422088624,2.218838691711426,2.3434648513793947,1.30018949508667,1.5246291160583497,3.248678207397461,2.9582343101501467,2.289447784423828,1.4103648662567139,1.3953547477722169,1.603424072265625,1.4388971328735352,1.2583870887756348],"responseTime":1.8810003995895386,"dangerErrors":0,"errors":0,"screwsPlaced":15,"nutsPlaced":15,"feedbacks":[]}