{"robotIdleTime":0.0,"distanceMoved":2.515105962753296,"avarageScrewDistance":0.8127629160881043,"completionTime":0.0,"errors":0}