{"participant":"Phillip Wintersberger","scene":"Pilot 4","robotIdleTime":0.12205850332975388,"distanceMoved":18.700021743774415,"avarageScrewDistance":1.1388307809829713,"completionTime":63.5034294128418,"responseTime":1.55659019947052,"dangerErrors":0,"errors":0,"screwsPlaced":10,"nutsPlaced":10,"feedbacks":["HapticPulse"]}