{"participant":"Phillip Wintersberger","scene":"Pilot 4","robotIdleTime":0.13638870418071748,"distanceMoved":16.696718215942384,"avarageScrewDistance":0.7488664984703064,"completionTime":57.88301467895508,"responseTime":1.5045467615127564,"dangerErrors":0,"errors":2,"screwsPlaced":8,"nutsPlaced":6,"feedbacks":["HapticPulse","AudioPulse","VisualPulse"]}