{"participant":"Phillip Wintersberger","scene":"Pilot 4","robotIdleTime":0.10709119588136673,"distanceMoved":18.957778930664064,"avarageScrewDistance":0.7392382025718689,"completionTime":65.22411346435547,"responseTime":3.3565754890441896,"dangerErrors":0,"errors":2,"screwsPlaced":10,"nutsPlaced":8,"feedbacks":["VisualContinuous"]}