{"participant":"Tobias Ungerböck","scene":"Pilot 3","robotIdleTime":0.1246425062417984,"distanceMoved":14.89238452911377,"avarageScrewDistance":0.6031106114387512,"completionTime":163.8764190673828,"responseTime":2.308558464050293,"dangerErrors":1,"errors":1,"screwsPlaced":10,"nutsPlaced":9,"feedbacks":["AudioPulse"]}