{"participant":"P4","scene":"Pilot 3-Way Multimodal","robotIdleTime":0.18007510900497437,"distanceMoved":27.928131103515626,"avarageScrewDistance":0.6185257434844971,"completionTime":88.71347045898438,"responseTime":1.0157525539398194,"dangerErrors":0,"errors":2,"screwsPlaced":15,"nutsPlaced":13,"feedbacks":["AudioPulse2","HapticPulse","VisualContinuous2"]}