{"participant":"P2","scene":"Pilot None","robotIdleTime":0.11071270704269409,"distanceMoved":16.37531089782715,"avarageScrewDistance":0.5810379385948181,"completionTime":52.251190185546878,"responseTime":4.1886982917785648,"dangerErrors":0,"errors":3,"screwsPlaced":9,"nutsPlaced":4,"feedbacks":[]}