{"participant":"P2","scene":"Pilot None","robotIdleTime":0.11566679924726486,"distanceMoved":16.006675720214845,"avarageScrewDistance":1.1046319007873536,"completionTime":59.373329162597659,"responseTime":2.1898701190948488,"dangerErrors":0,"errors":7,"screwsPlaced":10,"nutsPlaced":2,"feedbacks":[]}