{"participant":"Phillip Wintersberger","scene":"Pilot 4","robotIdleTime":0.1361449956893921,"distanceMoved":21.672548294067384,"avarageScrewDistance":1.0952048301696778,"completionTime":66.31915283203125,"responseTime":4.165896415710449,"dangerErrors":0,"errors":5,"screwsPlaced":10,"nutsPlaced":5,"feedbacks":[]}