{"participant":"P2","scene":"Pilot None","robotIdleTime":0.05572909861803055,"distanceMoved":7.85239839553833,"avarageScrewDistance":1.4211689233779908,"completionTime":15.777119636535645,"responseTime":0.0,"dangerErrors":0,"errors":1,"screwsPlaced":3,"nutsPlaced":0,"feedbacks":[]}