{"robotIdleTime":0.23001728951931,"distanceMoved":12.650690078735352,"avarageScrewDistance":0.5272886753082275,"completionTime":164.70751953125,"responseTime":3.044133424758911,"dangerErrors":0,"errors":1,"nutsPlaced":9,"feedbacks":["VisualPulse"]}