{"participant":"Tobias Ungerböck","scene":"Pilot 2","robotIdleTime":0.009436599910259247,"distanceMoved":3.3003528118133547,"avarageScrewDistance":0.6832554936408997,"completionTime":33.577308654785159,"responseTime":1.9179465770721436,"dangerErrors":0,"errors":0,"screwsPlaced":2,"nutsPlaced":2,"feedbacks":["AudioPulse"]}