{"participant":"Phillip Wintersberger","scene":"Pilot 4","robotIdleTime":0.12858930230140687,"distanceMoved":20.396394729614259,"avarageScrewDistance":0.952978789806366,"completionTime":63.017887115478519,"responseTime":2.3170411586761476,"dangerErrors":0,"errors":2,"screwsPlaced":10,"nutsPlaced":8,"feedbacks":["HapticPulse","AudioPulse","VisualPulse"]}