{"participant":"Phillip Wintersberger","scene":"Pilot 4","robotIdleTime":0.14399521052837373,"distanceMoved":17.121627807617189,"avarageScrewDistance":0.9365733861923218,"completionTime":61.86882019042969,"responseTime":1.7884292602539063,"dangerErrors":0,"errors":4,"screwsPlaced":10,"nutsPlaced":6,"feedbacks":["HapticPulse","AudioPulse","VisualPulse"]}