{"participant":"P2","scene":"Pilot 3-Way Multimodal","robotIdleTime":0.3293777406215668,"distanceMoved":39.916412353515628,"avarageScrewDistance":0.7049713134765625,"completionTime":95.36125183105469,"responseTime":4.785725116729736,"dangerErrors":0,"errors":4,"screwsPlaced":15,"nutsPlaced":11,"feedbacks":["AudioPulse2","HapticPulse","VisualContinuous2"]}