{"participant":"Tobias Ungerböck","robotIdleTime":0.08408860117197037,"distanceMoved":5.91456413269043,"avarageScrewDistance":0.6543964147567749,"completionTime":80.71027374267578,"responseTime":2.3500185012817385,"dangerErrors":0,"errors":1,"nutsPlaced":5,"feedbacks":["VisualPulse"]}