{"robotIdleTime":0.0,"distanceMoved":1.8146841526031495,"avarageScrewDistance":0.8127629160881043,"completionTime":0.0,"errors":0}