{"participant":"P2","scene":"Pilot Visual","robotIdleTime":0.10479629784822464,"distanceMoved":14.03817367553711,"avarageScrewDistance":0.8429811000823975,"completionTime":51.041160583496097,"responseTime":3.4109904766082765,"dangerErrors":0,"errors":2,"screwsPlaced":8,"nutsPlaced":5,"feedbacks":["VisualContinuous2"]}