{"participant":"Tobias Ungerböck","scene":"Tutorial","robotIdleTime":0.034448400139808658,"distanceMoved":2.8638322353363039,"avarageScrewDistance":0.7772705554962158,"completionTime":21.958087921142579,"responseTime":3.959404945373535,"dangerErrors":0,"errors":2,"screwsPlaced":9,"nutsPlaced":1,"feedbacks":["AudioPulse2"]}