{"participant":"P2","scene":"Tutorial","robotIdleTime":0.0,"distanceMoved":2.0763418674468996,"avarageScrewDistance":0.7002488374710083,"completionTime":6.851864814758301,"responseTime":0.019606828689575197,"dangerErrors":0,"errors":0,"screwsPlaced":1,"nutsPlaced":1,"feedbacks":[]}