{"participant":"P2","scene":"Tutorial","robotIdleTime":0.025182198733091356,"distanceMoved":1.7038626670837403,"avarageScrewDistance":0.6265379786491394,"completionTime":15.908077239990235,"responseTime":2.3692173957824709,"dangerErrors":0,"errors":0,"screwsPlaced":3,"nutsPlaced":1,"feedbacks":[]}