{"participant":"P2","scene":"Tutorial","robotIdleTime":0.08916349709033966,"distanceMoved":2.7460885047912599,"avarageScrewDistance":0.6851173639297485,"completionTime":28.521900177001954,"responseTime":2.8250842094421388,"dangerErrors":0,"errors":0,"screwsPlaced":5,"nutsPlaced":4,"feedbacks":[]}