{"participant":"P2","scene":"Tutorial","robotIdleTime":0.20128211379051209,"distanceMoved":12.630556106567383,"avarageScrewDistance":0.6641756296157837,"completionTime":61.032798767089847,"responseTime":1.097996473312378,"dangerErrors":0,"errors":9,"screwsPlaced":10,"nutsPlaced":1,"feedbacks":[]}