{"participant":"P2","scene":"Tutorial","robotIdleTime":0.04585179686546326,"distanceMoved":2.1179332733154299,"avarageScrewDistance":0.683344304561615,"completionTime":21.46216583251953,"responseTime":2.0896759033203127,"dangerErrors":0,"errors":2,"screwsPlaced":4,"nutsPlaced":1,"feedbacks":[]}