{"participant":"P2","scene":"Tutorial","robotIdleTime":0.028971601277589799,"distanceMoved":3.34545636177063,"avarageScrewDistance":0.6831827163696289,"completionTime":15.446819305419922,"responseTime":2.760270595550537,"dangerErrors":0,"errors":0,"screwsPlaced":3,"nutsPlaced":2,"feedbacks":[]}