{"participant":"P13","scene":"Tutorial","robotIdleTime":0.11731019616127014,"distanceMoved":10.461002349853516,"avarageScrewDistance":0.6763241291046143,"completionTime":56.745361328125,"screwResponse":[3.112100601196289,2.104604721069336,3.6388630867004396],"responseTime":2.9518561363220217,"dangerErrors":0,"errors":7,"screwsPlaced":10,"nutsPlaced":3,"feedbacks":[]}