{"participant":"P2","scene":"Tutorial","robotIdleTime":0.1919524073600769,"distanceMoved":13.269989967346192,"avarageScrewDistance":0.6574392318725586,"completionTime":64.18235778808594,"responseTime":3.738445281982422,"dangerErrors":0,"errors":6,"screwsPlaced":10,"nutsPlaced":4,"feedbacks":[]}