{"participant":"P2","scene":"Tutorial","robotIdleTime":0.18957291543483735,"distanceMoved":11.017749786376954,"avarageScrewDistance":0.6323375105857849,"completionTime":63.65766906738281,"responseTime":1.0801745653152466,"dangerErrors":0,"errors":0,"screwsPlaced":10,"nutsPlaced":10,"feedbacks":[]}