{"participant":"Tobias Ungerböck","scene":"Tutorial","robotIdleTime":0.10561498999595642,"distanceMoved":5.368652820587158,"avarageScrewDistance":0.6541863679885864,"completionTime":59.73881149291992,"responseTime":2.8356451988220217,"dangerErrors":0,"errors":6,"screwsPlaced":20,"nutsPlaced":4,"feedbacks":["AudioPulse2"]}