{"participant":"Tobias Ungerböck","scene":"Tutorial","robotIdleTime":0.05678590014576912,"distanceMoved":3.903372049331665,"avarageScrewDistance":0.7844778895378113,"completionTime":27.743183135986329,"responseTime":1.307131052017212,"dangerErrors":0,"errors":1,"screwsPlaced":11,"nutsPlaced":3,"feedbacks":["AudioPulse2"]}