{"participant":"P13","scene":"Tutorial","robotIdleTime":0.12189050018787384,"distanceMoved":5.614523887634277,"avarageScrewDistance":0.6773421168327332,"completionTime":61.018367767333987,"screwResponse":[0.7569746971130371,0.6591980457305908,0.9927139282226563,3.780606269836426,2.3019676208496095,0.7875194549560547,5.15537691116333,3.4017105102539064,0.6168360710144043,0.9682064056396484],"responseTime":1.9421110153198243,"dangerErrors":0,"errors":0,"screwsPlaced":10,"nutsPlaced":10,"feedbacks":[]}