{"participant":"P9","scene":"3-Way Multimodal","robotIdleTime":0.18012270331382752,"distanceMoved":21.478208541870118,"avarageScrewDistance":0.5563578009605408,"completionTime":89.34736633300781,"screwResponse":[0.6478691101074219,0.7991743087768555,0.5335278511047363,0.4627702236175537,0.6201014518737793,1.2020151615142823,0.4759488105773926,0.6898641586303711,0.508838415145874,0.61802077293396,0.5084676742553711,0.605905294418335,0.018380403518676759,0.49150872230529787,0.8406815528869629],"responseTime":0.6182734966278076,"dangerErrors":0,"errors":0,"screwsPlaced":15,"nutsPlaced":15,"feedbacks":["AudioPulse2","HapticPulse","VisualContinuous2"]}