{"participant":"P9","scene":"Audio","robotIdleTime":0.19202189147472382,"distanceMoved":27.24364471435547,"avarageScrewDistance":0.6974658966064453,"completionTime":89.01444244384766,"screwResponse":[0.731353759765625,0.7985327243804932,0.5636858940124512,0.73213791847229,0.532792329788208,0.5198605060577393,0.5879900455474854,0.7875461578369141,0.5745890140533447,4.516125202178955,2.802896499633789,2.2508935928344728,0.6907598972320557,0.8967664241790772,0.701331377029419],"responseTime":0.9698606133460999,"dangerErrors":0,"errors":0,"screwsPlaced":15,"nutsPlaced":15,"feedbacks":["AudioPulse2"]}