{"participant":"P9","scene":"Haptic","robotIdleTime":0.18614239990711213,"distanceMoved":24.83367919921875,"avarageScrewDistance":0.7100200057029724,"completionTime":89.16419219970703,"screwResponse":[0.7574880123138428,1.873692274093628,1.5914208889007569,0.8856978416442871,1.330355167388916,0.883220911026001,2.260417938232422,1.451866626739502,2.1220479011535646,1.3421745300292969,1.1304364204406739,0.7718074321746826,0.6318686008453369,0.662649393081665,0.7707805633544922],"responseTime":0.763319730758667,"dangerErrors":0,"errors":0,"screwsPlaced":15,"nutsPlaced":15,"feedbacks":["HapticPulse"]}