{"participant":"P9","scene":"None","robotIdleTime":0.1915455013513565,"distanceMoved":24.48600959777832,"avarageScrewDistance":0.9809471368789673,"completionTime":90.89024353027344,"screwResponse":[1.3407585620880128,1.0503027439117432,0.8799984455108643,1.8868670463562012,1.2041890621185303,0.896867036819458,1.8262250423431397,1.396355152130127,0.9385740756988525,1.2145445346832276,0.7601809501647949,1.106720209121704,1.4249107837677003,0.9272081851959229,1.980426549911499],"responseTime":1.5305639505386353,"dangerErrors":0,"errors":0,"screwsPlaced":15,"nutsPlaced":15,"feedbacks":[]}