{"participant":"P9","scene":"Visual","robotIdleTime":0.1779228001832962,"distanceMoved":20.110294342041017,"avarageScrewDistance":0.7329661846160889,"completionTime":91.31108093261719,"screwResponse":[0.7569880485534668,0.6032860279083252,0.5091907978057861,2.0266709327697756,0.42507386207580569,0.6177322864532471,0.6033780574798584,0.4533820152282715,0.7406377792358398,1.5667314529418946,0.5622117519378662,1.1062729358673096,0.5501482486724854,2.480778694152832,0.7043416500091553],"responseTime":1.1625118255615235,"dangerErrors":0,"errors":0,"screwsPlaced":15,"nutsPlaced":15,"feedbacks":["VisualContinuous2"]}