{"participant":"P12","scene":"3-Way Multimodal","robotIdleTime":0.18693849444389344,"distanceMoved":18.23291778564453,"avarageScrewDistance":0.816382884979248,"completionTime":87.74495697021485,"screwResponse":[0.9107410907745361,0.7824394702911377,1.352586030960083,0.9107367992401123,1.6473429203033448,0.647453784942627,1.397017240524292,0.7817354202270508,1.5197296142578126,0.8825163841247559,2.3474316596984865,0.881969690322876,1.5801870822906495,0.5500807762145996,0.841259241104126],"responseTime":1.13554847240448,"dangerErrors":0,"errors":0,"screwsPlaced":15,"nutsPlaced":15,"feedbacks":["AudioPulse2","HapticPulse","VisualContinuous2"]}