{"participant":"P12","scene":"Audio","robotIdleTime":0.18044111132621766,"distanceMoved":20.964454650878908,"avarageScrewDistance":0.8979112505912781,"completionTime":90.43365478515625,"screwResponse":[2.107593536376953,1.4396486282348633,2.2483644485473635,0.9909672737121582,2.5806336402893068,1.3298814296722413,1.6500041484832764,3.177536964416504,5.142361640930176,4.768106460571289,1.6315040588378907,1.7051880359649659,1.662928581237793,1.0495543479919434,2.0673718452453615],"responseTime":2.236776351928711,"dangerErrors":0,"errors":0,"screwsPlaced":15,"nutsPlaced":15,"feedbacks":["AudioPulse2"]}