{"participant":"P12","scene":"Haptic","robotIdleTime":0.19126561284065247,"distanceMoved":17.020416259765626,"avarageScrewDistance":0.7816997170448303,"completionTime":88.34583282470703,"screwResponse":[1.6205356121063233,1.7592129707336426,3.6808371543884279,0.9263198375701904,1.702141523361206,1.2883319854736329,3.178976535797119,1.105414867401123,0.7444882392883301,0.7983002662658691,1.6325604915618897,1.2873358726501465,2.260470390319824,0.9952499866485596,0.7573111057281494],"responseTime":1.5824991464614869,"dangerErrors":0,"errors":0,"screwsPlaced":15,"nutsPlaced":15,"feedbacks":["HapticPulse"]}