{"participant":"P12","scene":"None","robotIdleTime":0.18345069885253907,"distanceMoved":19.693580627441408,"avarageScrewDistance":0.8195686340332031,"completionTime":88.27911376953125,"screwResponse":[1.4032702445983887,1.8849129676818848,1.8424372673034669,1.7848327159881592,0.9512803554534912,1.0095150470733643,2.1207327842712404,2.316279411315918,3.8608102798461916,1.6031055450439454,2.802788734436035,2.0809149742126467,1.5258946418762208,2.4829559326171877,1.3454513549804688],"responseTime":1.9343454837799073,"dangerErrors":0,"errors":0,"screwsPlaced":15,"nutsPlaced":15,"feedbacks":[]}