{"participant":"P12","scene":"Tutorial","robotIdleTime":0.11710420250892639,"distanceMoved":4.995819091796875,"avarageScrewDistance":0.6976574063301086,"completionTime":60.9649658203125,"screwResponse":[1.1492891311645508,1.0095710754394532,1.2557687759399415,1.9284706115722657,2.356780529022217,2.9008021354675295,5.004392147064209,4.567946434020996,1.4090981483459473],"responseTime":2.398013114929199,"dangerErrors":0,"errors":1,"screwsPlaced":10,"nutsPlaced":9,"feedbacks":[]}