{"participant":"P12","scene":"Tutorial","robotIdleTime":0.11370479315519333,"distanceMoved":5.515775680541992,"avarageScrewDistance":0.7008762955665588,"completionTime":60.28141784667969,"screwResponse":[1.2438783645629883,1.800372838973999,3.4294419288635256,4.028759956359863],"responseTime":2.625613212585449,"dangerErrors":0,"errors":5,"screwsPlaced":10,"nutsPlaced":4,"feedbacks":[]}