{"participant":"P12","scene":"Visual","robotIdleTime":0.18096640706062318,"distanceMoved":19.169357299804689,"avarageScrewDistance":0.82459956407547,"completionTime":88.70752716064453,"screwResponse":[1.0904228687286378,1.1730773448944092,1.1729469299316407,1.7589433193206788,0.9374113082885742,1.0073165893554688,2.889864921569824,2.2070178985595705,1.9122066497802735,1.481264591217041,0.6067345142364502,0.6491250991821289,0.7455487251281738,0.8823306560516357,0.5083262920379639],"responseTime":1.2681691646575928,"dangerErrors":0,"errors":0,"screwsPlaced":15,"nutsPlaced":15,"feedbacks":["VisualContinuous2"]}