{"participant":"P11","scene":"3-Way Multimodal","robotIdleTime":0.20453670620918275,"distanceMoved":25.7653865814209,"avarageScrewDistance":0.6065586805343628,"completionTime":90.5984878540039,"screwResponse":[1.0328853130340577,0.9639639854431152,1.1308739185333253,0.6061415672302246,0.6895616054534912,1.0211162567138672,0.8437356948852539,0.5357239246368408,0.5081779956817627,0.5615408420562744,0.5206575393676758,0.508336067199707,0.49245262145996096,0.5314819812774658,0.5746314525604248],"responseTime":0.7014186978340149,"dangerErrors":0,"errors":0,"screwsPlaced":15,"nutsPlaced":15,"feedbacks":["AudioPulse2","HapticPulse","VisualContinuous2"]}