{"participant":"P11","scene":"Audio","robotIdleTime":0.20108020305633546,"distanceMoved":26.36536979675293,"avarageScrewDistance":0.8470718860626221,"completionTime":89.37602233886719,"screwResponse":[1.1603741645812989,2.2605772018432619,1.481851577758789,1.2160544395446778,1.066044807434082,0.9651494026184082,1.5673425197601319,1.3140926361083985,1.07582426071167,0.7711021900177002,1.0660066604614258,0.6473433971405029,0.9798657894134522,0.8286070823669434,1.6501307487487794],"responseTime":1.2033578157424927,"dangerErrors":0,"errors":0,"screwsPlaced":15,"nutsPlaced":15,"feedbacks":["AudioPulse2"]}