{"participant":"P11","scene":"Haptic","robotIdleTime":0.1770385056734085,"distanceMoved":27.580198287963868,"avarageScrewDistance":0.704549252986908,"completionTime":88.02540588378906,"screwResponse":[0.8826830387115479,0.9796767234802246,1.758997917175293,0.7291033267974854,1.0638978481292725,1.257279634475708,0.8275914192199707,0.8709716796875,2.396463394165039,1.063387155532837,1.295999526977539,0.7541754245758057,0.9650406837463379,0.9267463684082031,1.1079044342041016],"responseTime":1.1253279447555543,"dangerErrors":0,"errors":0,"screwsPlaced":15,"nutsPlaced":15,"feedbacks":["HapticPulse"]}