{"participant":"P11","scene":"None","robotIdleTime":0.19587041437625886,"distanceMoved":29.83077621459961,"avarageScrewDistance":0.8118512630462647,"completionTime":90.55703735351563,"screwResponse":[3.917759418487549,4.4591875076293949,4.546496391296387,4.109928131103516,1.8735311031341553,1.8979885578155518,5.0467305183410648,5.559425354003906,1.300210952758789,1.3538761138916016,1.8855276107788087,2.956336498260498,1.7893755435943604],"responseTime":3.130490303039551,"dangerErrors":0,"errors":2,"screwsPlaced":15,"nutsPlaced":13,"feedbacks":[]}