{"participant":"P11","scene":"Tutorial","robotIdleTime":0.11673819273710251,"distanceMoved":9.22485065460205,"avarageScrewDistance":0.6128498315811157,"completionTime":60.94689178466797,"screwResponse":[1.8555810451507569,4.417956352233887,4.459208965301514,2.941927433013916,0.6475450992584229],"responseTime":2.864443778991699,"dangerErrors":0,"errors":5,"screwsPlaced":10,"nutsPlaced":5,"feedbacks":[]}