{"participant":"P11","scene":"Tutorial","robotIdleTime":0.12340440601110459,"distanceMoved":7.897216320037842,"avarageScrewDistance":0.5415375232696533,"completionTime":59.8907470703125,"screwResponse":[0.5633807182312012,0.5506570339202881,0.6893908977508545,1.0923128128051758,0.827430248260498,0.7547512054443359,1.706146001815796,0.43890929222106936,0.550424337387085,0.018833398818969728],"responseTime":0.7192236185073853,"dangerErrors":0,"errors":0,"screwsPlaced":10,"nutsPlaced":10,"feedbacks":[]}