{"participant":"P11","scene":"Visual","robotIdleTime":0.18990859389305116,"distanceMoved":25.34253692626953,"avarageScrewDistance":0.6261234283447266,"completionTime":90.40355682373047,"screwResponse":[0.896364688873291,0.9678771495819092,0.6180970668792725,0.7288322448730469,0.8682026863098145,1.021413803100586,0.8978798389434815,1.1476833820343018,0.5489192008972168,1.101973533630371,4.052916049957275,0.7450084686279297,0.550534725189209,0.7984905242919922],"responseTime":1.0674424171447755,"dangerErrors":0,"errors":1,"screwsPlaced":15,"nutsPlaced":14,"feedbacks":["VisualContinuous2"]}