{"participant":"P10","scene":"None","robotIdleTime":0.17826330661773683,"distanceMoved":30.26763916015625,"avarageScrewDistance":1.0734517574310303,"completionTime":93.32823944091797,"screwResponse":[1.382246732711792,3.4026031494140627,4.138311862945557,3.2893009185791017,1.2998900413513184,2.11000919342041,1.4875397682189942,1.940558910369873,1.9685289859771729,5.227032661437988,2.6908345222473146,3.5823965072631838,0.9795513153076172,4.418590545654297],"responseTime":3.293825149536133,"dangerErrors":0,"errors":1,"screwsPlaced":15,"nutsPlaced":14,"feedbacks":[]}