{"participant":"P10","scene":"Tutorial","robotIdleTime":0.11980710178613663,"distanceMoved":9.321157455444336,"avarageScrewDistance":0.6827894449234009,"completionTime":56.7437744140625,"screwResponse":[0.8707945346832275,1.2435815334320069,4.56897497177124,2.6080145835876467],"responseTime":2.710547924041748,"dangerErrors":0,"errors":5,"screwsPlaced":10,"nutsPlaced":4,"feedbacks":[]}