{"participant":"P10","scene":"Visual","robotIdleTime":0.18124788999557496,"distanceMoved":24.796035766601564,"avarageScrewDistance":0.9097738265991211,"completionTime":89.8066177368164,"screwResponse":[0.742804765701294,0.6480021476745606,2.509902000427246,0.6613225936889648,2.3849191665649416,0.44887423515319826,0.5087413787841797,0.7838625907897949,0.8398599624633789,0.7581174373626709,1.076019525527954,0.7315878868103027,1.1182482242584229,0.6058158874511719,1.9397492408752442],"responseTime":1.3650777339935303,"dangerErrors":0,"errors":0,"screwsPlaced":15,"nutsPlaced":15,"feedbacks":["VisualContinuous2"]}