{"participant":"P16","scene":"3-Way Multimodal","robotIdleTime":0.22869059443473817,"distanceMoved":23.768077850341798,"avarageScrewDistance":0.7751492857933044,"completionTime":88.7598876953125,"screwResponse":[2.3570451736450197,0.7124817371368408,0.8126022815704346,1.5783541202545167,0.7019162178039551,4.66502571105957,2.2309765815734865,2.0558266639709474,2.6966195106506349,0.7156922817230225,1.1220247745513917,0.8002729415893555,0.7111730575561523,4.377872467041016],"responseTime":1.8241345882415772,"dangerErrors":0,"errors":1,"screwsPlaced":15,"nutsPlaced":14,"feedbacks":["AudioPulse2","HapticPulse","VisualContinuous2"]}