{"participant":"P16","scene":"Audio","robotIdleTime":0.26756951212882998,"distanceMoved":23.62871742248535,"avarageScrewDistance":0.8542954325675964,"completionTime":93.23856353759766,"screwResponse":[2.0558738708496095,2.071965217590332,1.4223299026489258,2.4838743209838869,1.8137719631195069,5.6680521965026859,5.873394966125488,2.902639389038086,1.3810985088348389,5.527657508850098,1.935736894607544],"responseTime":3.012399435043335,"dangerErrors":0,"errors":4,"screwsPlaced":15,"nutsPlaced":11,"feedbacks":["AudioPulse2"]}