{"participant":"P16","scene":"Haptic","robotIdleTime":0.23002101480960847,"distanceMoved":22.094064712524415,"avarageScrewDistance":0.8053207397460938,"completionTime":96.25736999511719,"screwResponse":[1.019716501235962,1.3617782592773438,5.752767086029053,1.295976161956787,4.71264123916626,4.044363021850586,2.915027618408203,3.5866870880126955,4.164196014404297,2.521181583404541,3.181332588195801,4.974039077758789],"responseTime":3.294142246246338,"dangerErrors":1,"errors":3,"screwsPlaced":15,"nutsPlaced":12,"feedbacks":["HapticPulse"]}