{"participant":"P16","scene":"None","robotIdleTime":0.2761661112308502,"distanceMoved":19.67267417907715,"avarageScrewDistance":0.755553662776947,"completionTime":95.49989318847656,"screwResponse":[2.4123635292053224,2.1250534057617189,2.860630512237549,1.579235553741455,3.081758975982666,1.509429693222046,5.323954105377197,4.711814880371094,4.5011091232299809,2.95135498046875,1.9211440086364747,3.125857353210449,5.564437389373779,2.445168972015381],"responseTime":3.1509509086608888,"dangerErrors":0,"errors":1,"screwsPlaced":15,"nutsPlaced":14,"feedbacks":[]}