{"participant":"P16","scene":"Tutorial","robotIdleTime":0.18467728793621064,"distanceMoved":11.252789497375489,"avarageScrewDistance":0.6127088665962219,"completionTime":62.97358703613281,"screwResponse":[3.2047152519226076,4.49530029296875,3.815737724304199,3.326470375061035,3.191559314727783,2.483170509338379,2.8025598526000978,4.017965316772461,1.0278503894805909],"responseTime":3.151703119277954,"dangerErrors":0,"errors":1,"screwsPlaced":10,"nutsPlaced":9,"feedbacks":[]}