{"participant":"P16","scene":"Visual","robotIdleTime":0.20196878910064698,"distanceMoved":21.069931030273439,"avarageScrewDistance":0.7607775330543518,"completionTime":92.96781921386719,"screwResponse":[0.8283553123474121,1.3268241882324219,0.7864761352539063,2.1238603591918947,1.6303367614746094,0.8821437358856201,1.1080389022827149,1.9181947708129883,2.21907377243042,0.1393415927886963,1.686417818069458,1.1008543968200684,1.756598949432373,3.6410036087036135,2.1263418197631838],"responseTime":1.5515908002853394,"dangerErrors":0,"errors":0,"screwsPlaced":15,"nutsPlaced":15,"feedbacks":["VisualContinuous2"]}