{"participant":"P2","scene":"Pilot 3-Way Multimodal","robotIdleTime":0.2178483009338379,"distanceMoved":22.33683967590332,"avarageScrewDistance":0.6251748204231262,"completionTime":91.74166870117188,"responseTime":1.415871500968933,"dangerErrors":0,"errors":0,"screwsPlaced":15,"nutsPlaced":15,"feedbacks":["AudioPulse2","HapticPulse","VisualContinuous2"]}