{"participant":"P2","scene":"Pilot None","robotIdleTime":0.19849319756031037,"distanceMoved":26.963756561279298,"avarageScrewDistance":1.191555380821228,"completionTime":91.98169708251953,"responseTime":2.108807325363159,"dangerErrors":0,"errors":2,"screwsPlaced":15,"nutsPlaced":13,"feedbacks":[]}