{"participant":"P2","scene":"Pilot Haptic","robotIdleTime":0.1863674819469452,"distanceMoved":25.393482208251954,"avarageScrewDistance":0.9119995832443237,"completionTime":89.8766860961914,"responseTime":1.344972848892212,"dangerErrors":0,"errors":0,"screwsPlaced":15,"nutsPlaced":15,"feedbacks":["HapticPulse"]}