{"participant":"P2","scene":"Pilot Visual","robotIdleTime":0.20945391058921815,"distanceMoved":30.94029426574707,"avarageScrewDistance":0.8772381544113159,"completionTime":90.84298706054688,"responseTime":1.2311067581176758,"dangerErrors":0,"errors":1,"screwsPlaced":15,"nutsPlaced":14,"feedbacks":["VisualContinuous2"]}