{"participant":"P2","scene":"Pilot Auditory","robotIdleTime":0.19337469339370728,"distanceMoved":21.635234832763673,"avarageScrewDistance":0.7184756398200989,"completionTime":91.22489166259766,"responseTime":1.1089913845062256,"dangerErrors":0,"errors":0,"screwsPlaced":15,"nutsPlaced":15,"feedbacks":["AudioPulse2"]}