{"participant":"P15","scene":"3-Way Multimodal","robotIdleTime":0.1925615817308426,"distanceMoved":18.16254234313965,"avarageScrewDistance":0.7240507006645203,"completionTime":90.67005157470703,"screwResponse":[0.8410897254943848,3.1810202598571779,1.2997255325317383,0.5499172210693359,0.7992732524871826,0.5189788341522217,0.630866527557373,0.5486240386962891,0.629920482635498,0.658754825592041,0.5177567005157471,0.7005562782287598,0.6685440540313721,0.7409107685089111,0.7328004837036133],"responseTime":0.8679159283638,"dangerErrors":0,"errors":0,"screwsPlaced":15,"nutsPlaced":15,"feedbacks":["AudioPulse2","HapticPulse","VisualContinuous2"]}