{"participant":"P15","scene":"Audio","robotIdleTime":0.2106069028377533,"distanceMoved":19.899927139282228,"avarageScrewDistance":0.7597631216049194,"completionTime":92.01986694335938,"screwResponse":[1.0330567359924317,0.6595358848571777,0.8528039455413818,1.0490367412567139,0.7875185012817383,1.0621097087860108,0.6854588985443115,2.4814510345458986,1.105933666229248,0.6133391857147217,0.8107061386108398,0.9801621437072754,1.9779963493347169,0.6162979602813721,0.7243561744689941],"responseTime":1.0293174982070923,"dangerErrors":0,"errors":0,"screwsPlaced":15,"nutsPlaced":15,"feedbacks":["AudioPulse2"]}