{"participant":"P15","scene":"Haptic","robotIdleTime":0.20439469814300538,"distanceMoved":22.253170013427736,"avarageScrewDistance":0.9391887187957764,"completionTime":92.12944030761719,"screwResponse":[1.578824758529663,2.678208351135254,2.549753189086914,1.5659584999084473,1.6194512844085694,0.7977607250213623,0.8705959320068359,1.5259199142456055,2.439114570617676,2.538895606994629,2.234281539916992,1.4630787372589112,1.010385513305664,1.5628633499145508,2.064455032348633],"responseTime":1.7666364908218384,"dangerErrors":0,"errors":0,"screwsPlaced":15,"nutsPlaced":15,"feedbacks":["HapticPulse"]}