{"participant":"P15","scene":"None","robotIdleTime":0.212241530418396,"distanceMoved":24.70440101623535,"avarageScrewDistance":0.9960039854049683,"completionTime":91.2404556274414,"screwResponse":[1.6834666728973389,0.9796314239501953,1.3446228504180909,1.062669277191162,1.3393504619598389,0.9794638156890869,1.2978813648223878,1.6613209247589112,3.6386313438415529,2.8225059509277345,2.632296562194824,2.550950527191162,2.808795928955078,2.2485337257385256,2.0387215614318849],"responseTime":1.939256191253662,"dangerErrors":0,"errors":0,"screwsPlaced":15,"nutsPlaced":15,"feedbacks":[]}