{"participant":"P15","scene":"Tutorial","robotIdleTime":0.11051070690155029,"distanceMoved":12.689726829528809,"avarageScrewDistance":0.7196589112281799,"completionTime":63.84357452392578,"screwResponse":[0.6013786792755127,1.0354442596435547,0.7520904541015625,0.7456858158111572,0.7381324768066406,4.138246536254883,5.137155532836914,3.6493492126464845,2.819305896759033],"responseTime":2.179643154144287,"dangerErrors":0,"errors":1,"screwsPlaced":10,"nutsPlaced":9,"feedbacks":[]}