{"participant":"P15","scene":"Tutorial","robotIdleTime":0.13520540297031403,"distanceMoved":4.700545787811279,"avarageScrewDistance":0.6327015161514282,"completionTime":60.05516815185547,"screwResponse":[0.39299511909484866,0.5743346214294434,0.6605026721954346,0.8125669956207275,0.657536506652832,0.7971551418304443,1.495821475982666,1.4774527549743653,0.9130990505218506,0.616239070892334],"responseTime":0.8397703170776367,"dangerErrors":0,"errors":0,"screwsPlaced":10,"nutsPlaced":10,"feedbacks":[]}