{"participant":"P15","scene":"Visual","robotIdleTime":0.20316199958324433,"distanceMoved":20.63237953186035,"avarageScrewDistance":0.8559393286705017,"completionTime":92.64663696289063,"screwResponse":[1.4774000644683838,0.6701726913452148,5.972662448883057,1.6202824115753174,2.4137372970581056,0.6559371948242188,0.7397873401641846,0.6727297306060791,2.1750621795654299,0.7966301441192627,0.6014974117279053,0.5183448791503906,0.7430353164672852,0.8549375534057617,1.2882044315338135],"responseTime":1.4133614301681519,"dangerErrors":0,"errors":0,"screwsPlaced":15,"nutsPlaced":15,"feedbacks":["VisualContinuous2"]}