{"participant":"P17","scene":"3-Way Multimodal","robotIdleTime":0.2564206123352051,"distanceMoved":21.83582305908203,"avarageScrewDistance":0.73151695728302,"completionTime":93.68802642822266,"screwResponse":[0.8098504543304443,0.5873486995697022,0.7305686473846436,0.6580684185028076,0.7654259204864502,1.7589170932769776,0.6746311187744141,0.9642026424407959,0.576716423034668,0.6593124866485596,2.1498970985412599,0.5210063457489014,0.8408594131469727,0.910485029220581,0.4784049987792969],"responseTime":0.8723796606063843,"dangerErrors":0,"errors":0,"screwsPlaced":15,"nutsPlaced":15,"feedbacks":["AudioPulse2","HapticPulse","VisualContinuous2"]}