{"participant":"P17","scene":"Audio","robotIdleTime":0.23655220866203309,"distanceMoved":24.72635841369629,"avarageScrewDistance":0.7227216958999634,"completionTime":90.78987884521485,"screwResponse":[0.7729392051696777,0.9762775897979736,0.701087474822998,0.8833680152893066,0.9228157997131348,0.7940583229064941,0.8414902687072754,0.7952911853790283,1.0977253913879395,1.079874038696289,0.7839267253875732,0.9938530921936035,0.7569794654846191,0.8554692268371582,0.6147093772888184],"responseTime":0.8579910397529602,"dangerErrors":0,"errors":0,"screwsPlaced":15,"nutsPlaced":15,"feedbacks":["AudioPulse2"]}