{"participant":"P17","scene":"Haptic","robotIdleTime":0.23982830345630647,"distanceMoved":23.07793617248535,"avarageScrewDistance":0.8445150852203369,"completionTime":95.75791931152344,"screwResponse":[1.289435625076294,1.2672178745269776,0.925600528717041,1.8713345527648926,1.094822645187378,1.6497974395751954,5.086879730224609,2.8582606315612795,4.597625732421875,1.9416329860687256,1.7996766567230225,2.593240261077881,2.181300163269043,1.654245138168335],"responseTime":2.2007906436920168,"dangerErrors":0,"errors":1,"screwsPlaced":15,"nutsPlaced":14,"feedbacks":["HapticPulse"]}