{"participant":"P17","scene":"None","robotIdleTime":0.2624143362045288,"distanceMoved":22.997310638427736,"avarageScrewDistance":0.9308146238327026,"completionTime":96.37045288085938,"screwResponse":[1.7219364643096924,4.703802108764648,5.528951168060303,3.1224961280822756,5.633265495300293,2.1206116676330568,4.04313850402832,2.2484254837036135,2.3987812995910646,1.082045316696167,1.373676061630249,1.2800679206848145,2.4608731269836427,1.701012134552002,1.749229907989502],"responseTime":2.744554281234741,"dangerErrors":0,"errors":0,"screwsPlaced":15,"nutsPlaced":15,"feedbacks":[]}