{"participant":"P17","scene":"Tutorial","robotIdleTime":0.18731269240379334,"distanceMoved":14.784247398376465,"avarageScrewDistance":0.6667183637619019,"completionTime":59.16412353515625,"screwResponse":[4.268024444580078,4.061347007751465,4.44683837890625,2.261537551879883,0.795490026473999],"responseTime":3.166647434234619,"dangerErrors":0,"errors":5,"screwsPlaced":10,"nutsPlaced":5,"feedbacks":[]}