{"participant":"P17","scene":"Tutorial","robotIdleTime":0.19143420457839967,"distanceMoved":5.799604415893555,"avarageScrewDistance":0.671493411064148,"completionTime":61.897216796875,"screwResponse":[0.5495223999023438,0.6869029998779297,1.219597578048706,2.500244140625,2.735659122467041,0.8434665203094482,0.9216959476470947,1.2437012195587159,1.2429664134979249,0.653958797454834],"responseTime":1.259771466255188,"dangerErrors":0,"errors":0,"screwsPlaced":10,"nutsPlaced":10,"feedbacks":[]}