{"participant":"P17","scene":"Visual","robotIdleTime":0.2305200845003128,"distanceMoved":22.130874633789064,"avarageScrewDistance":0.8686479330062866,"completionTime":91.69230651855469,"screwResponse":[0.6820106506347656,0.6861968040466309,0.9906024932861328,1.161752700805664,0.6025097370147705,1.6181211471557618,0.9270975589752197,3.543341636657715,1.437755823135376,2.5308151245117189,0.9394023418426514,1.581141710281372,1.7469151020050049,1.0461883544921876,2.196347713470459],"responseTime":1.4460132122039796,"dangerErrors":0,"errors":0,"screwsPlaced":15,"nutsPlaced":15,"feedbacks":["VisualContinuous2"]}