{
  "participant": "P1",
  "scene": "Pilot None",
  "robotIdleTime": 0.011234699748456478,
  "distanceMoved": 3.524827718734741,
  "avarageScrewDistance": 1.0113704204559327,
  "completionTime": 9.820394515991211,
  "responseTime": 0.0,
  "dangerErrors": 0,
  "errors": 0,
  "screwsPlaced": 2,
  "nutsPlaced": 0,
  "feedbacks": [
  ]
}
