{
  "participant": "P1",
  "scene": "Pilot Haptic",
  "robotIdleTime": 0.22121189534664155,
  "distanceMoved": 23.329736709594728,
  "avarageScrewDistance": 0.7579737901687622,
  "completionTime": 95.285888671875,
  "responseTime": 2.6003286838531496,
  "dangerErrors": 0,
  "errors": 2,
  "screwsPlaced": 15,
  "nutsPlaced": 13,
  "feedbacks": [
    "HapticPulse"
  ]
}
