{"participant":"P23","scene":"3-Way Multimodal","robotIdleTime":0.18442679941654206,"distanceMoved":22.98316764831543,"avarageScrewDistance":0.6720240712165833,"completionTime":89.52518463134766,"screwResponse":[0.827186107635498,0.4800281524658203,0.6442224979400635,0.5622820854187012,0.7957882881164551,0.8392088413238525,2.5246176719665529,2.2588648796081545,0.6163842678070068,0.7285594940185547,0.5165343284606934,0.7578005790710449,0.570885181427002,0.40325021743774416,0.6030721664428711],"responseTime":0.8752456307411194,"dangerErrors":0,"errors":0,"screwsPlaced":15,"nutsPlaced":15,"feedbacks":["AudioPulse2","HapticPulse","VisualContinuous2"]}