{"participant":"P23","scene":"Audio","robotIdleTime":0.202220618724823,"distanceMoved":28.140676498413087,"avarageScrewDistance":0.9416643977165222,"completionTime":89.41619873046875,"screwResponse":[0.8285949230194092,1.704469919204712,1.1298351287841797,2.3137855529785158,0.8798143863677979,0.6045103073120117,0.7138123512268066,1.1444106101989747,0.7862656116485596,1.7486133575439454,2.0752129554748537,0.8699791431427002,1.0927166938781739,2.1082186698913576,0.7994892597198486],"responseTime":1.2533152103424073,"dangerErrors":0,"errors":0,"screwsPlaced":15,"nutsPlaced":15,"feedbacks":["AudioPulse2"]}