{"participant":"P23","scene":"Haptic","robotIdleTime":0.18156009912490846,"distanceMoved":24.64252471923828,"avarageScrewDistance":0.8345083594322205,"completionTime":88.97891998291016,"screwResponse":[3.1370716094970705,0.9113423824310303,1.3284645080566407,1.761354923248291,1.660379409790039,0.6148965358734131,1.0491883754730225,0.7307748794555664,1.6181714534759522,0.8509540557861328,1.3417317867279053,0.5894608497619629,3.3250651359558107,3.3193583488464357,1.1502187252044678],"responseTime":1.5592288970947266,"dangerErrors":0,"errors":0,"screwsPlaced":15,"nutsPlaced":15,"feedbacks":["HapticPulse"]}