{"participant":"P23","scene":"None","robotIdleTime":0.2141920030117035,"distanceMoved":26.663284301757814,"avarageScrewDistance":0.9183639287948608,"completionTime":89.31402587890625,"screwResponse":[1.008338212966919,1.2301735877990723,1.063035488128662,1.2571098804473878,2.6479663848876955,2.626965045928955,1.7865006923675538,1.4084115028381348,1.5330932140350342,1.6141035556793213,1.45176362991333,1.4696598052978516,3.060551166534424,3.99078369140625,1.0633761882781983],"responseTime":1.8141220808029175,"dangerErrors":0,"errors":0,"screwsPlaced":15,"nutsPlaced":15,"feedbacks":[]}