{"participant":"P23","scene":"Tutorial","robotIdleTime":0.11270929872989655,"distanceMoved":8.15958309173584,"avarageScrewDistance":0.7352831363677979,"completionTime":64.20262145996094,"screwResponse":[5.408671855926514,3.5405325889587404,2.3395938873291017,1.201951265335083,4.170642375946045],"responseTime":3.3322784900665285,"dangerErrors":0,"errors":5,"screwsPlaced":10,"nutsPlaced":5,"feedbacks":[]}