{"participant":"P23","scene":"Visual","robotIdleTime":0.1824309080839157,"distanceMoved":23.170366287231447,"avarageScrewDistance":0.6001037955284119,"completionTime":88.09614562988281,"screwResponse":[0.6028165817260742,1.1888587474822999,0.5183768272399902,0.28347063064575198,0.4221062660217285,0.926283597946167,0.4091622829437256,0.5202839374542236,0.5809063911437988,0.3943765163421631,0.6433558464050293,0.41071200370788576,0.8924460411071777,1.7458937168121338,0.5784835815429688],"responseTime":0.6745021939277649,"dangerErrors":0,"errors":0,"screwsPlaced":15,"nutsPlaced":15,"feedbacks":["VisualContinuous2"]}