{"participant":"P3","scene":"Pilot Haptic","robotIdleTime":0.2610338032245636,"distanceMoved":28.322587966918947,"avarageScrewDistance":0.7010732293128967,"completionTime":93.24108123779297,"responseTime":3.256197452545166,"dangerErrors":0,"errors":0,"screwsPlaced":15,"nutsPlaced":15,"feedbacks":["HapticPulse"]}
