{"participant":"P2","scene":"Pilot None","robotIdleTime":0.22081778943538667,"distanceMoved":30.786775588989259,"avarageScrewDistance":1.0332541465759278,"completionTime":94.59675598144531,"responseTime":2.1039323806762697,"dangerErrors":0,"errors":0,"screwsPlaced":15,"nutsPlaced":15,"feedbacks":[]}