{"participant":"P3","scene":"Pilot Audio","robotIdleTime":0.27062880992889407,"distanceMoved":32.53272247314453,"avarageScrewDistance":0.6640983819961548,"completionTime":96.07281494140625,"responseTime":4.232468605041504,"dangerErrors":0,"errors":5,"screwsPlaced":15,"nutsPlaced":10,"feedbacks":["AudioPulse2"]}
