{"participant":"P14","scene":"3-Way Multimodal","robotIdleTime":0.3969998359680176,"distanceMoved":21.731508255004884,"avarageScrewDistance":0.8004131317138672,"completionTime":105.08876037597656,"screwResponse":[0.9254631996154785,0.9967772960662842,0.9012537002563477,0.7567470073699951,0.7736458778381348,1.0633459091186524,0.7652814388275147,0.89945387840271,1.32572340965271,0.8142673969268799,0.6594395637512207,0.9053640365600586,0.688692569732666,0.7994644641876221,0.7812120914459229],"responseTime":0.8704087734222412,"dangerErrors":0,"errors":0,"screwsPlaced":15,"nutsPlaced":15,"feedbacks":["AudioPulse2","HapticPulse","VisualContinuous2"]}