{"participant":"P14","scene":"Audio","robotIdleTime":0.4139118790626526,"distanceMoved":22.96613311767578,"avarageScrewDistance":0.9888455867767334,"completionTime":103.3590087890625,"screwResponse":[2.6522679328918459,2.0814661979675295,1.5796704292297364,1.0298614501953126,1.383538007736206,1.2385845184326172,0.9793877601623535,1.035808801651001,0.9058079719543457,0.8573448657989502,0.8718740940093994,1.074950933456421,1.2991001605987549,1.0180444717407227,2.0359697341918947],"responseTime":1.3362451791763306,"dangerErrors":0,"errors":0,"screwsPlaced":15,"nutsPlaced":15,"feedbacks":["AudioPulse2"]}