{"participant":"P14","scene":"Haptic","robotIdleTime":0.3607686161994934,"distanceMoved":20.89176368713379,"avarageScrewDistance":0.8484504818916321,"completionTime":106.13150024414063,"screwResponse":[0.9816975593566895,0.9093823432922363,1.2003834247589112,0.9656870365142822,1.1197071075439454,0.7984144687652588,4.305878162384033,1.826880931854248,2.436096668243408,3.220883369445801,5.858701229095459,3.471303939819336,5.442109107971191,3.8765339851379396],"responseTime":2.600975751876831,"dangerErrors":0,"errors":1,"screwsPlaced":15,"nutsPlaced":14,"feedbacks":["HapticPulse"]}