{"participant":"P14","scene":"None","robotIdleTime":0.3369434177875519,"distanceMoved":25.520954132080079,"avarageScrewDistance":0.9428227543830872,"completionTime":103.06827545166016,"screwResponse":[1.286681890487671,2.6421103477478029,3.705214500427246,5.868285655975342,2.345202922821045,1.9725840091705323,1.3864696025848389,1.7328970432281495,1.0758733749389649,1.426724910736084,2.8482508659362795,2.0834765434265138,2.635589599609375],"responseTime":2.3853354454040529,"dangerErrors":0,"errors":2,"screwsPlaced":15,"nutsPlaced":13,"feedbacks":[]}