{"participant":"P14","scene":"Visual","robotIdleTime":0.35098931193351748,"distanceMoved":25.59918212890625,"avarageScrewDistance":0.8515822291374207,"completionTime":101.70060729980469,"screwResponse":[1.0173418521881104,3.0400538444519045,1.2997980117797852,2.740055561065674,1.0106916427612305,4.903008937835693,2.4925951957702638,1.3696951866149903,2.1764516830444338,1.175657033920288,1.535374402999878,1.018827199935913,0.912567138671875],"responseTime":1.8993936777114869,"dangerErrors":0,"errors":2,"screwsPlaced":15,"nutsPlaced":13,"feedbacks":["VisualContinuous2"]}