{"participant":"P6","scene":"Audio","robotIdleTime":0.1946728229522705,"distanceMoved":27.440231323242189,"avarageScrewDistance":1.009972095489502,"completionTime":94.1929931640625,"responseTime":2.4361424446105959,"dangerErrors":0,"errors":0,"screwsPlaced":15,"nutsPlaced":15,"feedbacks":["AudioPulse2"]}