{"participant":"P6","scene":"Haptic","robotIdleTime":0.2013435959815979,"distanceMoved":25.243330001831056,"avarageScrewDistance":0.6997231245040894,"completionTime":88.83238983154297,"responseTime":1.9745395183563233,"dangerErrors":1,"errors":2,"screwsPlaced":15,"nutsPlaced":13,"feedbacks":["HapticPulse"]}