{"participant":"P6","scene":"None","robotIdleTime":0.17778520286083222,"distanceMoved":20.59000587463379,"avarageScrewDistance":0.6257853507995606,"completionTime":90.82451629638672,"responseTime":2.134162425994873,"dangerErrors":0,"errors":0,"screwsPlaced":15,"nutsPlaced":15,"feedbacks":[]}