{"participant":"P6","scene":"Tutorial","robotIdleTime":0.10860950499773026,"distanceMoved":9.745494842529297,"avarageScrewDistance":0.6135648488998413,"completionTime":58.56489944458008,"responseTime":3.451815605163574,"dangerErrors":0,"errors":6,"screwsPlaced":10,"nutsPlaced":4,"feedbacks":[]}