{"participant":"P6","scene":"Tutorial","robotIdleTime":0.11362370103597641,"distanceMoved":7.957873821258545,"avarageScrewDistance":0.4935600161552429,"completionTime":60.61387252807617,"responseTime":1.6129391193389893,"dangerErrors":0,"errors":2,"screwsPlaced":10,"nutsPlaced":8,"feedbacks":[]}