{"participant":"P6","scene":"Tutorial","robotIdleTime":0.11102750152349472,"distanceMoved":8.010099411010743,"avarageScrewDistance":0.528886079788208,"completionTime":56.53562545776367,"responseTime":4.817544937133789,"dangerErrors":0,"errors":6,"screwsPlaced":10,"nutsPlaced":4,"feedbacks":[]}