{"participant":"P6","scene":"Visual","robotIdleTime":0.17883659899234773,"distanceMoved":21.131805419921876,"avarageScrewDistance":1.0966439247131348,"completionTime":90.62821197509766,"responseTime":1.8395767211914063,"dangerErrors":0,"errors":0,"screwsPlaced":15,"nutsPlaced":15,"feedbacks":["VisualContinuous2"]}